Version,constructPolyRationals,radicalEquationToGraph,polyGraphToFunction,solveRadicalLinear,quadraticFormula,quadraticEquationToGraph,linearParOrPer,domainRadical,quadraticGraphToEquation,domainRangeLog,rationalGraphToEquation,subgroupReal,solveLinearRational,polyZeroBehavior,solveIntegerInequality,orderOfOperations,solveRationalInequality,solveRationalQuadratic,divideComplex,solveRationalLinear,solveExpDifferentBases,domainRangeExp,linearTwoPoints,solveCompoundAND
A,D,C,A,A,A,B,A,E,B,E,E,A,C,D,B,B,A,D,C,E,A,A,D,B
,,,,,,,,,,,,,,,,,,,,,,,,
,,,,,,,,,,,,,,,,,,,,,,,,
,,,,,,,,,,,,,,,,,,,,,,,,
,,,,,,,,,,,,,,,,,,,,,,,,
,,,,,,,,,,,,,,,,,,,,,,,,
,,,,,,,,,,,,,,,,,,,,,,,,
,,,,,,,,,,,,,,,,,,,,,,,,
,,,,,,,,,,,,,,,,,,,,,,,,
,,,,,,,,,,,,,,,,,,,,,,,,
,,,,,,,,,,,,,,,,,,,,,,,,
,,,,,,,,,,,,,,,,,,,,,,,,
,,,,,,,,,,,,,,,,,,,,,,,,
,,,,,,,,,,,,,,,,,,,,,,,,
,,,,,,,,,,,,,,,,,,,,,,,,
,,,,,,,,,,,,,,,,,,,,,,,,
,,,,,,,,,,,,,,,,,,,,,,,,
,,,,,,,,,,,,,,,,,,,,,,,,
,,,,,,,,,,,,,,,,,,,,,,,,
,,,,,,,,,,,,,,,,,,,,,,,,
,,,,,,,,,,,,,,,,,,,,,,,,
,,,,,,,,,,,,,,,,,,,,,,,,
,,,,,,,,,,,,,,,,,,,,,,,,
,,,,,,,,,,,,,,,,,,,,,,,,
,,,,,,,,,,,,,,,,,,,,,,,,
,,,,,,,,,,,,,,,,,,,,,,,,
